model,mae,rmse,mape,currency
ridge_lagged,0.021261932958474294,0.024216271221695656,1.4627957911774951,AUSTRALIA - AUSTRALIAN DOLLAR/US$
arima_1_1_1,0.025531500393725738,0.028533039537259924,1.75590267275809,AUSTRALIA - AUSTRALIAN DOLLAR/US$
persistence,0.025952916666666583,0.02894238331726206,1.7848018366289617,AUSTRALIA - AUSTRALIAN DOLLAR/US$
ridge_lagged,0.005315027911587874,0.006528605252979958,0.5909592737684576,EURO AREA - EURO/US$
arima_1_1_1,0.010675112327800683,0.01152412358502327,1.185522870304773,EURO AREA - EURO/US$
persistence,0.011035833333333335,0.011881068624777264,1.2255390950154692,EURO AREA - EURO/US$
ridge_lagged,0.03385652399777109,0.041441182277636435,2.2154266345347886,NEW ZEALAND - NEW ZELAND DOLLAR/US$
arima_1_1_1,0.03839386446325976,0.04706758801324164,2.512547900477485,NEW ZEALAND - NEW ZELAND DOLLAR/US$
persistence,0.04023583333333331,0.04914509661027569,2.632722048228492,NEW ZEALAND - NEW ZELAND DOLLAR/US$
ridge_lagged,0.03171493080534578,0.032827406788010556,4.11815939429921,UNITED KINGDOM - UNITED KINGDOM POUND/US$
persistence,0.04615500000000002,0.04748784142634128,5.9915763979151295,UNITED KINGDOM - UNITED KINGDOM POUND/US$
arima_1_1_1,0.04763978988931976,0.049049022505432575,6.18457291474564,UNITED KINGDOM - UNITED KINGDOM POUND/US$
arima_1_1_1,0.06937363353318642,0.07947631807296691,1.6800937151093955,BRAZIL - REAL/US$
persistence,0.07011416666666663,0.08356902249538002,1.6928805644980571,BRAZIL - REAL/US$
ridge_lagged,0.07017009746599359,0.08588098634846975,1.6920635617328479,BRAZIL - REAL/US$
arima_1_1_1,0.013838530837378763,0.015851697544305047,1.0528940908842892,CANADA - CANADIAN DOLLAR/US$
persistence,0.01450874999999993,0.01644506543262541,1.103729470700404,CANADA - CANADIAN DOLLAR/US$
ridge_lagged,0.016481851508856525,0.018332666603396983,1.2533059192620535,CANADA - CANADIAN DOLLAR/US$
ridge_lagged,0.10050519347206534,0.10493141891321704,1.4310460532704246,CHINA - YUAN/US$
arima_1_1_1,0.10201626831632161,0.1069102958470276,1.4526796743860009,CHINA - YUAN/US$
persistence,0.1085849999999998,0.11401076959363661,1.5462738871080244,CHINA - YUAN/US$
ridge_lagged,0.01451570534701571,0.015177864808546696,0.18554470324119307,HONG KONG - HONG KONG DOLLAR/US$
persistence,0.021774166666666237,0.0289866495850529,0.2789390828055712,HONG KONG - HONG KONG DOLLAR/US$
arima_1_1_1,0.022181418260227157,0.029424176405025287,0.2841512119413769,HONG KONG - HONG KONG DOLLAR/US$
ridge_lagged,0.31316577290206643,0.36375869238551134,0.4393082647560091,INDIA - INDIAN RUPEE/US$
persistence,0.31612500000000027,0.3733118948457625,0.44322728129853484,INDIA - INDIAN RUPEE/US$
arima_1_1_1,0.3443417158673749,0.3899955361578991,0.48364944035135066,INDIA - INDIAN RUPEE/US$
ridge_lagged,19.82242259913676,22.716844565209126,1.6994133638599085,KOREA - WON/US$
persistence,20.491583333333338,23.393273276378693,1.7566555086119489,KOREA - WON/US$
arima_1_1_1,20.782213616354205,23.679852055699175,1.7814925150127305,KOREA - WON/US$
persistence,0.3747000000000008,0.42757438962906474,1.9625307752476853,MEXICO - MEXICAN PESO/US$
arima_1_1_1,0.4359633893994587,0.4882197656796745,2.2821753838103143,MEXICO - MEXICAN PESO/US$
ridge_lagged,0.5139722373287375,0.5620496453074108,2.68847534856994,MEXICO - MEXICAN PESO/US$
persistence,0.6216270833333334,0.6779698472661475,4.280535130363697,SOUTH AFRICA - RAND/US$
ridge_lagged,0.6377038818762748,0.6950721494406801,4.391055626682256,SOUTH AFRICA - RAND/US$
arima_1_1_1,0.6775729612077529,0.7389283672362725,4.665677045997644,SOUTH AFRICA - RAND/US$
arima_1_1_1,0.019683511442979026,0.02041285831792424,1.447931566385667,SINGAPORE - SINGAPORE DOLLAR/US$
ridge_lagged,0.020372848243695087,0.021288972934113307,1.4988322264405671,SINGAPORE - SINGAPORE DOLLAR/US$
persistence,0.02130375000000007,0.022146535893528274,1.5671949351711494,SINGAPORE - SINGAPORE DOLLAR/US$
ridge_lagged,0.05801581730733733,0.06624426845091651,0.8628128213653419,DENMARK - DANISH KRONE/US$
arima_1_1_1,0.07649894355113883,0.08324462016187315,1.137209927343261,DENMARK - DANISH KRONE/US$
persistence,0.07998499999999992,0.08663245254137343,1.188959994192737,DENMARK - DANISH KRONE/US$
ridge_lagged,1.5278465964101495,1.5693841268100677,1.4021636127064605,JAPAN - YEN/US$
arima_1_1_1,1.7846876519001307,1.8365368839643632,1.6376024966479374,JAPAN - YEN/US$
persistence,1.815583333333331,1.8690198523111852,1.6659402102110155,JAPAN - YEN/US$
ridge_lagged,0.028346619363320554,0.03494165863007583,0.6840518852764874,MALAYSIA - RINGGIT/US$
persistence,0.030744999999999696,0.03842580160733989,0.7420978347721764,MALAYSIA - RINGGIT/US$
arima_1_1_1,0.0329608507029262,0.040756576421565466,0.7954813653177741,MALAYSIA - RINGGIT/US$
ridge_lagged,0.07132182481941424,0.11506935442496907,0.7947563294220509,NORWAY - NORWEGIAN KRONE/US$
persistence,0.07838666666666703,0.1264617669495414,0.8737254653297577,NORWAY - NORWEGIAN KRONE/US$
arima_1_1_1,0.0833098129960384,0.13251227421709239,0.9283672085419217,NORWAY - NORWEGIAN KRONE/US$
ridge_lagged,0.3136199507129389,0.3356263213522143,3.289989103573739,SWEDEN - KRONA/US$
persistence,0.3591804166666674,0.38584719072937484,3.768615369838883,SWEDEN - KRONA/US$
arima_1_1_1,0.36790457177029257,0.39565116195429695,3.860331132918133,SWEDEN - KRONA/US$
arima_1_1_1,0.5316678003295446,0.7087211122184242,0.294034504122181,SRI LANKA - SRI LANKAN RUPEE/US$
persistence,0.7867083333333256,0.8890627672817333,0.43429982645899434,SRI LANKA - SRI LANKAN RUPEE/US$
ridge_lagged,0.7818175232322223,0.8988494120046046,0.43235068163448853,SRI LANKA - SRI LANKAN RUPEE/US$
arima_1_1_1,0.00473555537631867,0.006180863892021236,0.480371000605422,SWITZERLAND - FRANC/US$
ridge_lagged,0.006267987473472519,0.008253097839419212,0.6372840339898738,SWITZERLAND - FRANC/US$
persistence,0.006536249999999999,0.00864501602562617,0.6646111348989079,SWITZERLAND - FRANC/US$
persistence,0.38220833333333204,0.4279199934956678,1.2601823359295419,TAIWAN - NEW TAIWAN DOLLAR/US$
arima_1_1_1,0.39021879848691104,0.4347464919564402,1.2864934012576816,TAIWAN - NEW TAIWAN DOLLAR/US$
ridge_lagged,0.4252990113885986,0.46809720942509697,1.4018593803294916,TAIWAN - NEW TAIWAN DOLLAR/US$
ridge_lagged,0.07334555576453852,0.0948759343497373,0.24288904675346784,THAILAND - BAHT/US$
arima_1_1_1,0.12294399250912308,0.15173366032746138,0.4075691116886008,THAILAND - BAHT/US$
persistence,0.16249999999999876,0.19210402997681456,0.5385686685082796,THAILAND - BAHT/US$
